0001-028d-672a,GigabitEthernet1/0/48
0007-e90e-9e96,GigabitEthernet1/0/48
000b-3df2-26f7,GigabitEthernet1/0/48
000c-292b-bd17,GigabitEthernet1/0/48
000c-2994-b9cb,GigabitEthernet1/0/48
0017-c5c2-2b5c,GigabitEthernet1/0/48
001c-c091-2e64,GigabitEthernet1/0/48
0024-1dac-5c9c,GigabitEthernet1/0/48
0024-8120-d279,GigabitEthernet1/0/48
0026-7346-373c,GigabitEthernet1/0/48
0050-56a9-024a,GigabitEthernet1/0/48
0050-56a9-0393,GigabitEthernet1/0/48
0050-56a9-0832,GigabitEthernet1/0/48
0050-56a9-09cc,GigabitEthernet1/0/48
0050-56a9-0e43,GigabitEthernet1/0/48
0050-56a9-280c,GigabitEthernet1/0/48
0050-56a9-2aa9,GigabitEthernet1/0/48
0050-56a9-2e3a,GigabitEthernet1/0/48
0050-56a9-44d1,GigabitEthernet1/0/48
0050-56a9-4dae,GigabitEthernet1/0/48
0050-56a9-54cf,GigabitEthernet1/0/48
0050-56a9-59e1,GigabitEthernet1/0/48
0050-56a9-6528,GigabitEthernet1/0/48
0050-56a9-656d,GigabitEthernet1/0/48
0050-56a9-6ad0,GigabitEthernet1/0/48
0050-56a9-6b39,GigabitEthernet1/0/48
0050-56a9-6cd7,GigabitEthernet1/0/48
0050-56a9-7035,GigabitEthernet1/0/48
0050-56a9-710d,GigabitEthernet1/0/48
0050-56a9-7387,GigabitEthernet1/0/48
0050-56a9-74dc,GigabitEthernet1/0/48
0050-56a9-7ce1,GigabitEthernet1/0/48
0050-56a9-7d83,GigabitEthernet1/0/48
0050-56a9-c272,GigabitEthernet1/0/48
0050-56a9-c45a,GigabitEthernet1/0/48
0050-56a9-dbc5,GigabitEthernet1/0/48
0050-56a9-dcbc,GigabitEthernet1/0/48
0050-56a9-f6e8,GigabitEthernet1/0/48
0050-56ab-30b6,GigabitEthernet1/0/48
0050-56ab-3d1c,GigabitEthernet1/0/48
0050-56ab-67b2,GigabitEthernet1/0/48
0050-56b5-0e6d,GigabitEthernet1/0/48
0050-56b5-1fee,GigabitEthernet1/0/48
00e0-4c68-06d2,GigabitEthernet1/0/48
1458-d03c-3401,GigabitEthernet1/0/48
1860-24ca-8098,GigabitEthernet1/0/48
28d2-4427-be7a,GigabitEthernet1/0/48
3cef-8c4f-425b,GigabitEthernet1/0/48
5c26-0a92-ca3a,GigabitEthernet1/0/48
6416-8d1d-0a8f,GigabitEthernet1/0/48
6416-8d1d-0ac0,GigabitEthernet1/0/48
7054-d28f-b94a,GigabitEthernet1/0/48
7054-d28f-c146,GigabitEthernet1/0/48
7071-bc94-9f5c,GigabitEthernet1/0/48
7071-bc94-a301,GigabitEthernet1/0/48
7071-bca3-7598,GigabitEthernet1/0/48
7071-bcac-7011,GigabitEthernet1/0/48
7071-bcac-7020,GigabitEthernet1/0/48
7071-bcac-e5c8,GigabitEthernet1/0/48
7071-bcac-e5d4,GigabitEthernet1/0/48
7071-bcac-e857,GigabitEthernet1/0/48
7071-bcb1-7412,GigabitEthernet1/0/48
7071-bcbe-916c,GigabitEthernet1/0/48
842b-2b6c-f308,GigabitEthernet1/0/48
8c73-6ead-6584,GigabitEthernet1/0/48
a0d3-c1e7-608e,GigabitEthernet1/0/48
b00c-d125-9309,GigabitEthernet1/0/48
bc83-85f7-58de,GigabitEthernet1/0/48
c434-6b17-9c90,GigabitEthernet1/0/48
e0cb-4e8c-6d7c,GigabitEthernet1/0/48
e0cb-4e8c-7316,GigabitEthernet1/0/48
e4e7-49a7-1c3b,GigabitEthernet1/0/48
ecf4-bbc5-3038,GigabitEthernet1/0/48
f81a-679f-0ddc,GigabitEthernet1/0/48
f8b1-565a-ccb4,GigabitEthernet1/0/48
f8b1-565a-ccb5,GigabitEthernet1/0/48
0050-568f-37a5,GigabitEthernet1/0/48
24be-05ea-c023,GigabitEthernet1/0/48
5c8a-3882-50a7,GigabitEthernet1/0/48
6416-8d1d-0a8f,GigabitEthernet1/0/48
7071-bca3-7556,GigabitEthernet1/0/48
7071-bcac-707b,GigabitEthernet1/0/48
b42e-9944-7578,GigabitEthernet1/0/48
b42e-9944-7579,GigabitEthernet1/0/48
b42e-9945-6813,GigabitEthernet1/0/48
cc3e-5f2e-9503,GigabitEthernet1/0/48
d894-0382-b173,GigabitEthernet1/0/48
e069-95b4-5fbc,GigabitEthernet1/0/48
e069-95b4-7ca9,GigabitEthernet1/0/48
e069-95dd-a0ca,GigabitEthernet1/0/48
e0cb-4e8c-2c39,GigabitEthernet1/0/48
e0cb-4e8c-627d,GigabitEthernet1/0/48
e0cb-4e8c-6337,GigabitEthernet1/0/48
e0cb-4e8c-669d,GigabitEthernet1/0/48
e0cb-4e8c-6e39,GigabitEthernet1/0/48
e0cb-4e8c-6f3b,GigabitEthernet1/0/48
e0cb-4e8c-7184,GigabitEthernet1/0/48
e0cb-4e8c-722f,GigabitEthernet1/0/48
e0cb-4e8c-7233,GigabitEthernet1/0/48
e0cb-4e8c-724e,GigabitEthernet1/0/48
